Numéro de point;DateTime [s];X [m];Y [m];Z [m];SigmaX [m];SigmaY [m];SigmaZ [m]
0;2024-11-26 15:28:36.439;1733455,3391274014;5237861,854509821;282,34372866665336;0,012443982699869101;0,005842442172926093;0,03950640123812085
1;2024-11-26 15:28:36.440;1733455,3389323505;5237861,85449185;282,34365119988155;0,012505805678026654;0,0059002486246189706;0,03934977502194496
2;2024-11-26 15:28:36.441;1733455,3389615081;5237861,85441348;282,3426398465128;0,01265116300528188;0,005847226741519951;0,03904503793701036
3;2024-11-26 15:28:36.442;1733455,3391241864;5237861,854448642;282,3434844449496;0,012704181799715605;0,005840408706239142;0,039344887974677306
4;2024-11-26 15:28:36.443;1733455,3390588074;5237861,854488198;282,3434447239771;0,012450318590725042;0,005806818045145861;0,039631503751497245
5;2024-11-26 15:28:36.444;1733455,3389240494;5237861,854444878;282,3434892474435;0,01253771275444121;0,0058733328802444305;0,0393778030262436
6;2024-11-26 15:28:36.445;1733455,3390358833;5237861,854469051;282,34359623182405;0,012708455300590104;0,005868836261446913;0,03945343676456222
7;2024-11-26 15:28:36.446;1733455,3390966428;5237861,854529597;282,3432534287952;0,012493274183351211;0,005834968359861817;0,03900093077889184
8;2024-11-26 15:28:36.447;1733455,338886882;5237861,8544784635;282,34389484442954;0,012531487081664816;0,005855444268384112;0,03893275158234367
9;2024-11-26 15:28:36.448;1733455,3392121715;5237861,854547026;282,344445173366;0,012551611823464391;0,005804559704282817;0,039047458435171135
10;2024-11-26 15:28:36.449;1733455,3391619613;5237861,854505195;282,34328797691853;0,012487658120878507;0,005875874957239;0,03897022417287917
11;2024-11-26 15:28:36.450;1733455,3387995334;5237861,854455249;282,34398157390103;0,01243723927969388;0,005840167554876154;0,03947412357422968
12;2024-11-26 15:28:36.451;1733455,338946003;5237861,854498862;282,3435717669494;0,012671197410051733;0,0058100820924307335;0,03920261732153602
13;2024-11-26 15:28:36.452;1733455,3390876662;5237861,854405102;282,34334479277766;0,012588019367168152;0,005848304693320368;0,03935742776957849
14;2024-11-26 15:28:36.453;1733455,339190143;5237861,854390302;282,3425182227083;0,012669543522041887;0,005845619848083041;0,03910583162174754
15;2024-11-26 15:28:36.454;1733455,3387909986;5237861,8543387465;282,34370507636413;0,012536592486006757;0,005830467770175067;0,039822716684981864
16;2024-11-26 15:28:36.455;1733455,338797923;5237861,854368018;282,34325050736766;0,01270409884663966;0,005926046893847774;0,0398500992915835
17;2024-11-26 15:28:36.456;1733455,3391555054;5237861,854424865;282,343085826893;0,012523111650306578;0,005852690851647908;0,03932606052815863
18;2024-11-26 15:28:36.457;1733455,3389165467;5237861,854448397;282,34283336612447;0,012441402223599574;0,005862996627322729;0,03928207282319693
19;2024-11-26 15:28:36.458;1733455,3390944859;5237861,8545058975;282,34328214023486;0,01265743490250341;0,005829191415618192;0,039705342553136826
20;2024-11-26 15:28:36.459;1733455,3390497365;5237861,854433352;282,3430517187058;0,0125509844999546;0,005834519371444557;0,03944530402407799
21;2024-11-26 15:28:36.460;1733455,3389365613;5237861,854481332;282,34359213923597;0,01259374070413994;0,005905360510687492;0,039212963679287026
22;2024-11-26 15:28:36.461;1733455,3390618896;5237861,854452565;282,3428757239531;0,012350650550192806;0,005840946807356509;0,039631370716317144
23;2024-11-26 15:28:36.462;1733455,3388765277;5237861,854396801;282,34313693976264;0,012552666165772974;0,005832195850477921;0,03946030138301784
24;2024-11-26 15:28:36.463;1733455,338990533;5237861,854501176;282,34297073352644;0,012440467712368272;0,005875854818753397;0,03959080465866092
25;2024-11-26 15:28:36.464;1733455,3393385704;5237861,854393146;282,34278180813607;0,012555614577207821;0,005887116279284877;0,03944232574392541
26;2024-11-26 15:28:36.465;1733455,3390638274;5237861,854545226;282,34381714695996;0,012468705787914574;0,005784469558399326;0,038811544137980256
27;2024-11-26 15:28:36.466;1733455,3390207745;5237861,854442722;282,3433854523867;0,012502586671189253;0,005910590918938423;0,039499775923798434
28;2024-11-26 15:28:36.467;1733455,3389452202;5237861,854424106;282,3437423349506;0,012501573966763947;0,005807819226686491;0,03910817893857774
29;2024-11-26 15:28:36.468;1733455,3387351586;5237861,854390214;282,3435674942189;0,012458249653740195;0,0058559916985553035;0,03899817288507847
30;2024-11-26 15:28:36.469;1733455,3390780296;5237861,854443149;282,34382852585003;0,012851193065513326;0,005902133011410721;0,03960026528310761
31;2024-11-26 15:28:36.470;1733455,3389547234;5237861,854349753;282,34270581122155;0,012545704614038243;0,00582891056077363;0,03911626948160558
32;2024-11-26 15:28:36.471;1733455,3390319415;5237861,854395457;282,34363214688983;0,012573563094689185;0,005871705735603366;0,039378056299411324
33;2024-11-26 15:28:36.472;1733455,3390436706;5237861,854456174;282,34332605285414;0,012674336951559725;0,00579122533107113;0,03882487211115285
34;2024-11-26 15:28:36.473;1733455,3389786878;5237861,8544877125;282,342924260698;0,01245887248745926;0,005782692835067324;0,03889627064649538
35;2024-11-26 15:28:36.474;1733455,3389437743;5237861,854376335;282,3437333236593;0,012511972959278903;0,005873145935886483;0,03873144597260213
36;2024-11-26 15:28:36.475;1733455,3387995758;5237861,85446369;282,34300311850404;0,012628097479776033;0,005857709983330192;0,03971644779073328
37;2024-11-26 15:28:36.476;1733455,339200887;5237861,854435173;282,3428015398758;0,012522053706813373;0,005832984162999122;0,03927041443627636
38;2024-11-26 15:28:36.477;1733455,3390576087;5237861,854454122;282,3441240187374;0,012587494218963787;0,005817904502344057;0,039894135595523746
39;2024-11-26 15:28:36.478;1733455,3390317261;5237861,854406043;282,34353922408184;0,012577279258890128;0,005884271360938122;0,0390345142192409
40;2024-11-26 15:28:36.479;1733455,3391865322;5237861,854443234;282,3429288783349;0,01245959924892245;0,005849967599296553;0,039577965981310526
41;2024-11-26 15:28:36.480;1733455,3391666843;5237861,85448668;282,3436388554646;0,01268856687401798;0,005851584694445404;0,0392338329405542
42;2024-11-26 15:28:36.481;1733455,3388829236;5237861,854443334;282,34361729702425;0,012712219443927893;0,005891433534472066;0,039325987524226544
43;2024-11-26 15:28:36.482;1733455,3388819648;5237861,8544987375;282,3431489520576;0,012551791709397308;0,005780210999649409;0,03897848188010239
44;2024-11-26 15:28:36.483;1733455,339121705;5237861,8544854745;282,3430705345541;0,012541777149698842;0,0058617657695592355;0,03958038778645726
45;2024-11-26 15:28:36.484;1733455,3389231025;5237861,854362756;282,343435080702;0,012642690262412982;0,005836899758051158;0,039118496273891995
46;2024-11-26 15:28:36.485;1733455,33890668;5237861,854381598;282,3428696503661;0,012447520842105129;0,005837576691832973;0,03930564110378873
47;2024-11-26 15:28:36.486;1733455,3388909337;5237861,854406537;282,3435590302668;0,012587066631080925;0,005817679529858915;0,03965796158297554
48;2024-11-26 15:28:36.487;1733455,339017622;5237861,854443831;282,3430630179732;0,012476869109076121;0,005902592114250692;0,03936980658409483
49;2024-11-26 15:28:36.488;1733455,338760352;5237861,854422072;282,3433508868714;0,012567509321764548;0,005830160165878418;0,03931416055888806
50;2024-11-26 15:28:36.489;1733455,3388223983;5237861,854329695;282,3425748674469;0,012768187852682382;0,005837601157355783;0,03924882350994059
51;2024-11-26 15:28:36.490;1733455,3388914422;5237861,854419057;282,3434364860066;0,012434056088854924;0,005839276853293669;0,03939678661962841
52;2024-11-26 15:28:36.491;1733455,3388022305;5237861,854466732;282,3431043743419;0,012581433248164464;0,005861938025290721;0,03907496320487493
53;2024-11-26 15:28:36.492;1733455,3392185844;5237861,85452364;282,3438847481913;0,01275883520024124;0,005880754370780504;0,039262346816372785
54;2024-11-26 15:28:36.493;1733455,3389879994;5237861,854485704;282,3430113551199;0,012521260763297527;0,005826758548878042;0,03908042383721205
55;2024-11-26 15:28:36.494;1733455,3389913086;5237861,854442156;282,34342238437284;0,012593875700477961;0,005803179496033279;0,03901619957329005
56;2024-11-26 15:28:36.495;1733455,3389102821;5237861,854527387;282,3430045771247;0,01252891249421953;0,0058465978846213625;0,03952139307108829
57;2024-11-26 15:28:36.496;1733455,3390138058;5237861,854454051;282,3438156711792;0,012371877714114781;0,005827517076864481;0,03983995458290501
58;2024-11-26 15:28:36.497;1733455,3390003892;5237861,854439893;282,3427749594621;0,01261553468774589;0,0058775631665674176;0,03966604217721968
59;2024-11-26 15:28:36.498;1733455,3388984748;5237861,854390288;282,34297397829084;0,012614629760317379;0,005833718509579262;0,03993986404520998
60;2024-11-26 15:28:36.499;1733455,3389549267;5237861,854479809;282,343737646504;0,012655265400819932;0,005855163975860693;0,038941011623284554
61;2024-11-26 15:28:36.500;1733455,3389729573;5237861,854475044;282,34369719989905;0,012550394364069815;0,005826643959268715;0,039115936213519754
62;2024-11-26 15:28:36.501;1733455,339148644;5237861,854493815;282,3429086820617;0,012577320396688093;0,005884011792624263;0,03949459583403088
63;2024-11-26 15:28:36.502;1733455,3389256378;5237861,854483221;282,343404103065;0,01261359866007322;0,005931517734244771;0,0390809503831718
64;2024-11-26 15:28:36.503;1733455,3390253594;5237861,854474473;282,3432417177023;0,012450634435708138;0,005830937721912455;0,03937881048613833
65;2024-11-26 15:28:36.504;1733455,338970216;5237861,854457985;282,34424338459763;0,012702224876874769;0,00587618358874455;0,039439779780608246
66;2024-11-26 15:28:36.505;1733455,3389120114;5237861,854505359;282,34328341268537;0,012615201838817374;0,005793359773632344;0,03902930265064757
67;2024-11-26 15:28:36.506;1733455,3389462242;5237861,854419889;282,343172386618;0,012666293532422825;0,005838870782309015;0,03899127963031993
68;2024-11-26 15:28:36.507;1733455,3388442348;5237861,854413493;282,3435560477129;0,012587490717869836;0,005849396588032262;0,0394194667418334
69;2024-11-26 15:28:36.508;1733455,3390829146;5237861,854429239;282,3425598884191;0,012672062922867234;0,005886954863311248;0,03914317103399127
70;2024-11-26 15:28:36.509;1733455,339025727;5237861,8544661505;282,3427203836792;0,012516547862526173;0,005794353731073736;0,03938622835218467
71;2024-11-26 15:28:36.510;1733455,3388447315;5237861,854531005;282,34345878651527;0,012600554483920182;0,005926528428569096;0,04004434908757634
72;2024-11-26 15:28:36.511;1733455,3389989906;5237861,854573336;282,3427871490639;0,012811281603622918;0,005813826011260511;0,03890334169330224
73;2024-11-26 15:28:36.512;1733455,3387230805;5237861,854375719;282,34281424534845;0,01258423952970025;0,005897412601340514;0,03914767439411455
74;2024-11-26 15:28:36.513;1733455,338946936;5237861,854455745;282,34308318506817;0,012707021800042604;0,005830932926048466;0,03982895800514557
75;2024-11-26 15:28:36.514;1733455,3387198898;5237861,854326238;282,3436883904345;0,012507480312277152;0,005890284666362557;0,03895356921166956
76;2024-11-26 15:28:36.515;1733455,3389716404;5237861,854411073;282,3432014805609;0,012676005262935037;0,0058196843761829445;0,038822483236871215
77;2024-11-26 15:28:36.516;1733455,3391226432;5237861,854459279;282,34357788874536;0,012676386646637157;0,0058586187974191935;0,0389579415279373
78;2024-11-26 15:28:36.517;1733455,3391211273;5237861,854583017;282,3433179236592;0,012578234578594964;0,005850940364048717;0,03975673216495288
79;2024-11-26 15:28:36.518;1733455,3390924272;5237861,854593537;282,3430786880268;0,012513069904438325;0,005870627862324462;0,03920089975095566
80;2024-11-26 15:28:36.519;1733455,339046951;5237861,854504058;282,34284791649856;0,012500815426481529;0,005830679668009509;0,038876415941965
81;2024-11-26 15:28:36.520;1733455,3391636952;5237861,854463125;282,34247686454825;0,012551693319242283;0,00587650750020048;0,039452244380272644
82;2024-11-26 15:28:36.521;1733455,3389688507;5237861,854527999;282,3436473045495;0,012684991609806327;0,00589040010901129;0,03970802521878444
83;2024-11-26 15:28:36.522;1733455,339007177;5237861,854443723;282,3435839357031;0,012530351505796344;0,005864187497574123;0,03950821978059596
84;2024-11-26 15:28:36.523;1733455,3388745086;5237861,854416122;282,3434503590429;0,012462012861473297;0,005798882859422055;0,039174294288919144
85;2024-11-26 15:28:36.524;1733455,3389447364;5237861,854550655;282,3433776455665;0,012571327073962565;0,005853242576445984;0,03930289522238161
86;2024-11-26 15:28:36.525;1733455,339020642;5237861,85450637;282,343251771119;0,01253035700975133;0,005887052883444858;0,03905324951139982
87;2024-11-26 15:28:36.526;1733455,3389867118;5237861,854528617;282,34297423513857;0,012656076080036705;0,0058623705697164455;0,03922681419408009
88;2024-11-26 15:28:36.527;1733455,3391712033;5237861,854429484;282,34343790739604;0,012502745780286886;0,005838929517080215;0,03980630182913445
89;2024-11-26 15:28:36.528;1733455,3390731555;5237861,854565589;282,34236313119277;0,012699597710000234;0,005849271791962939;0,03929543969730471
90;2024-11-26 15:28:36.529;1733455,338996414;5237861,854422179;282,3436358815261;0,01246332473899162;0,005825176285536158;0,039820150960137725
91;2024-11-26 15:28:36.530;1733455,339031292;5237861,854518443;282,34407345880123;0,012578127484531125;0,005886459459193003;0,038662624954453606
92;2024-11-26 15:28:36.531;1733455,339317835;5237861,854534601;282,34281397038745;0,012552683435791202;0,005831949584592558;0,039016161679373905
93;2024-11-26 15:28:36.532;1733455,3387662056;5237861,854457856;282,34338782160705;0,01263984417507381;0,005864474568001347;0,03959081339654793
94;2024-11-26 15:28:36.533;1733455,3389967587;5237861,854508661;282,3431255375927;0,012723114720632594;0,005933116647698972;0,03928528970798224
95;2024-11-26 15:28:36.534;1733455,3391238102;5237861,854482673;282,34351726986483;0,012561618358567037;0,005767750082909669;0,03983489288922057
96;2024-11-26 15:28:36.535;1733455,3388015942;5237861,854567108;282,34353366517547;0,012493455469394633;0,005921647789753491;0,03932212002478389
97;2024-11-26 15:28:36.536;1733455,3391589269;5237861,854512134;282,34259981981853;0,01265231330894047;0,005811881810473568;0,03923783946684549
98;2024-11-26 15:28:36.537;1733455,3389535614;5237861,854458301;282,34310513136654;0,01254437897560361;0,00581879114041617;0,03901945536141369
99;2024-11-26 15:28:36.538;1733455,33899263;5237861,854545233;282,34411738713146;0,012614622427312632;0,005845439473865299;0,03961665931875599
