Id;X  [mm];Y  [mm];Z  [mm];U(95)  [mm];U(95) X  [mm];U(95) Y  [mm];U(95) Z  [mm];Target;Temperature  [°C];Pressure  [mBar];Humidity  [%];Time Stamp;Delete;
1;-38919,127;5411,053;938,414;0,000;0,000;0,000;0,000;RRR 1.5in;12,2;990;33;'26.11.2024 15:28:36.439;;
2;-38919,127;5411,055;938,424;0,000;0,000;0,000;0,000;RRR 1.5in;12,2;990;33;'26.11.2024 15:28:36.440;;
3;-38919,127;5411,057;938,423;0,000;0,000;0,000;0,000;RRR 1.5in;12,2;990;33;'26.11.2024 15:28:36.441;;
4;-38919,128;5411,054;938,421;0,000;0,000;0,000;0,000;RRR 1.5in;12,2;990;33;'26.11.2024 15:28:36.442;;
5;-38919,130;5411,047;938,419;0,000;0,000;0,000;0,000;RRR 1.5in;12,2;990;33;'26.11.2024 15:28:36.443;;
6;-38919,128;5411,058;938,412;0,000;0,000;0,000;0,000;RRR 1.5in;12,2;990;33;'26.11.2024 15:28:36.444;;
7;-38919,127;5411,068;938,420;0,000;0,000;0,000;0,000;RRR 1.5in;12,2;990;33;'26.11.2024 15:28:36.445;;
8;-38919,126;5411,081;938,422;0,000;0,000;0,000;0,000;RRR 1.5in;12,2;990;33;'26.11.2024 15:28:36.446;;
9;-38919,126;5411,079;938,424;0,000;0,000;0,000;0,000;RRR 1.5in;12,2;990;33;'26.11.2024 15:28:36.447;;
10;-38919,127;5411,075;938,435;0,000;0,000;0,000;0,000;RRR 1.5in;12,2;990;33;'26.11.2024 15:28:36.448;;
11;-38919,127;5411,073;938,430;0,000;0,000;0,000;0,000;RRR 1.5in;12,2;990;33;'26.11.2024 15:28:36.449;;
12;-38919,127;5411,076;938,423;0,000;0,000;0,000;0,000;RRR 1.5in;12,2;990;33;'26.11.2024 15:28:36.450;;
13;-38919,127;5411,079;938,417;0,000;0,000;0,000;0,000;RRR 1.5in;12,2;990;33;'26.11.2024 15:28:36.451;;
14;-38919,128;5411,072;938,420;0,000;0,000;0,000;0,000;RRR 1.5in;12,2;990;33;'26.11.2024 15:28:36.452;;
15;-38919,128;5411,074;938,415;0,000;0,000;0,000;0,000;RRR 1.5in;12,2;990;33;'26.11.2024 15:28:36.453;;
16;-38919,128;5411,072;938,419;0,000;0,000;0,000;0,000;RRR 1.5in;12,2;990;33;'26.11.2024 15:28:36.454;;
17;-38919,128;5411,074;938,417;0,000;0,000;0,000;0,000;RRR 1.5in;12,2;990;33;'26.11.2024 15:28:36.455;;
18;-38919,128;5411,070;938,425;0,000;0,000;0,000;0,000;RRR 1.5in;12,2;990;33;'26.11.2024 15:28:36.456;;
19;-38919,128;5411,073;938,432;0,000;0,000;0,000;0,000;RRR 1.5in;12,2;990;33;'26.11.2024 15:28:36.457;;
20;-38919,126;5411,080;938,446;0,000;0,000;0,000;0,000;RRR 1.5in;12,2;990;33;'26.11.2024 15:28:36.458;;
21;-38919,126;5411,079;938,448;0,000;0,000;0,000;0,000;RRR 1.5in;12,2;990;33;'26.11.2024 15:28:36.459;;
22;-38919,128;5411,073;938,437;0,000;0,000;0,000;0,000;RRR 1.5in;12,2;990;33;'26.11.2024 15:28:36.460;;
23;-38919,128;5411,068;938,438;0,000;0,000;0,000;0,000;RRR 1.5in;12,2;990;33;'26.11.2024 15:28:36.461;;
24;-38919,129;5411,058;938,448;0,000;0,000;0,000;0,000;RRR 1.5in;12,2;990;33;'26.11.2024 15:28:36.462;;
25;-38919,129;5411,061;938,448;0,000;0,000;0,000;0,000;RRR 1.5in;12,2;990;33;'26.11.2024 15:28:36.463;;
26;-38919,128;5411,065;938,442;0,000;0,000;0,000;0,000;RRR 1.5in;12,2;990;33;'26.11.2024 15:28:36.464;;
27;-38919,129;5411,064;938,438;0,000;0,000;0,000;0,000;RRR 1.5in;12,2;990;33;'26.11.2024 15:28:36.465;;
28;-38919,128;5411,063;938,448;0,000;0,000;0,000;0,000;RRR 1.5in;12,2;990;33;'26.11.2024 15:28:36.466;;
29;-38919,127;5411,070;938,448;0,000;0,000;0,000;0,000;RRR 1.5in;12,2;990;33;'26.11.2024 15:28:36.467;;
30;-38919,127;5411,069;938,446;0,000;0,000;0,000;0,000;RRR 1.5in;12,2;990;33;'26.11.2024 15:28:36.468;;
31;-38919,126;5411,072;938,449;0,000;0,000;0,000;0,000;RRR 1.5in;12,2;990;33;'26.11.2024 15:28:36.469;;
32;-38919,126;5411,068;938,446;0,000;0,000;0,000;0,000;RRR 1.5in;12,2;990;33;'26.11.2024 15:28:36.470;;
33;-38919,127;5411,059;938,451;0,000;0,000;0,000;0,000;RRR 1.5in;12,2;990;33;'26.11.2024 15:28:36.471;;
34;-38919,126;5411,069;938,442;0,000;0,000;0,000;0,000;RRR 1.5in;12,2;990;33;'26.11.2024 15:28:36.472;;
35;-38919,124;5411,076;938,441;0,000;0,000;0,000;0,000;RRR 1.5in;12,2;990;33;'26.11.2024 15:28:36.473;;
36;-38919,124;5411,071;938,446;0,000;0,000;0,000;0,000;RRR 1.5in;12,2;990;33;'26.11.2024 15:28:36.474;;
37;-38919,123;5411,073;938,445;0,000;0,000;0,000;0,000;RRR 1.5in;12,2;990;33;'26.11.2024 15:28:36.475;;
38;-38919,124;5411,065;938,438;0,000;0,000;0,000;0,000;RRR 1.5in;12,2;990;33;'26.11.2024 15:28:36.476;;
39;-38919,124;5411,064;938,443;0,000;0,000;0,000;0,000;RRR 1.5in;12,2;990;33;'26.11.2024 15:28:36.477;;
40;-38919,123;5411,070;938,432;0,000;0,000;0,000;0,000;RRR 1.5in;12,2;990;33;'26.11.2024 15:28:36.478;;
41;-38919,123;5411,066;938,431;0,000;0,000;0,000;0,000;RRR 1.5in;12,2;990;33;'26.11.2024 15:28:36.479;;
42;-38919,122;5411,068;938,436;0,000;0,000;0,000;0,000;RRR 1.5in;12,2;990;33;'26.11.2024 15:28:36.480;;
43;-38919,121;5411,072;938,434;0,000;0,000;0,000;0,000;RRR 1.5in;12,2;990;33;'26.11.2024 15:28:36.481;;
44;-38919,123;5411,059;938,426;0,000;0,000;0,000;0,000;RRR 1.5in;12,2;990;33;'26.11.2024 15:28:36.482;;
45;-38919,120;5411,076;938,426;0,000;0,000;0,000;0,000;RRR 1.5in;12,2;990;33;'26.11.2024 15:28:36.483;;
46;-38919,120;5411,068;938,426;0,000;0,000;0,000;0,000;RRR 1.5in;12,2;990;33;'26.11.2024 15:28:36.484;;
47;-38919,121;5411,058;938,431;0,000;0,000;0,000;0,000;RRR 1.5in;12,2;990;33;'26.11.2024 15:28:36.485;;
48;-38919,121;5411,057;938,425;0,000;0,000;0,000;0,000;RRR 1.5in;12,2;990;33;'26.11.2024 15:28:36.486;;
49;-38919,119;5411,064;938,438;0,000;0,000;0,000;0,000;RRR 1.5in;12,2;990;33;'26.11.2024 15:28:36.487;;
50;-38919,117;5411,075;938,434;0,000;0,000;0,000;0,000;RRR 1.5in;12,2;990;33;'26.11.2024 15:28:36.488;;
51;-38919,116;5411,073;938,432;0,000;0,000;0,000;0,000;RRR 1.5in;12,2;990;33;'26.11.2024 15:28:36.489;;
52;-38919,117;5411,066;938,429;0,000;0,000;0,000;0,000;RRR 1.5in;12,2;990;33;'26.11.2024 15:28:36.490;;
53;-38919,117;5411,063;938,422;0,000;0,000;0,000;0,000;RRR 1.5in;12,2;990;33;'26.11.2024 15:28:36.491;;
54;-38919,117;5411,058;938,438;0,000;0,000;0,000;0,000;RRR 1.5in;12,2;990;33;'26.11.2024 15:28:36.492;;
55;-38919,115;5411,065;938,436;0,000;0,000;0,000;0,000;RRR 1.5in;12,2;990;33;'26.11.2024 15:28:36.493;;
56;-38919,115;5411,064;938,429;0,000;0,000;0,000;0,000;RRR 1.5in;12,2;990;33;'26.11.2024 15:28:36.494;;
57;-38919,115;5411,059;938,429;0,000;0,000;0,000;0,000;RRR 1.5in;12,2;990;33;'26.11.2024 15:28:36.495;;
58;-38919,113;5411,068;938,434;0,000;0,000;0,000;0,000;RRR 1.5in;12,2;990;33;'26.11.2024 15:28:36.496;;
59;-38919,113;5411,064;938,433;0,000;0,000;0,000;0,000;RRR 1.5in;12,2;990;33;'26.11.2024 15:28:36.497;;
60;-38919,112;5411,065;938,428;0,000;0,000;0,000;0,000;RRR 1.5in;12,2;990;33;'26.11.2024 15:28:36.498;;
61;-38919,113;5411,054;938,435;0,000;0,000;0,000;0,000;RRR 1.5in;12,2;990;33;'26.11.2024 15:28:36.499;;
62;-38919,112;5411,060;938,422;0,000;0,000;0,000;0,000;RRR 1.5in;12,2;990;33;'26.11.2024 15:28:36.500;;
63;-38919,111;5411,062;938,420;0,000;0,000;0,000;0,000;RRR 1.5in;12,2;990;33;'26.11.2024 15:28:36.501;;
64;-38919,110;5411,062;938,426;0,000;0,000;0,000;0,000;RRR 1.5in;12,2;990;33;'26.11.2024 15:28:36.502;;
65;-38919,109;5411,068;938,426;0,000;0,000;0,000;0,000;RRR 1.5in;12,2;990;33;'26.11.2024 15:28:36.503;;
66;-38919,107;5411,073;938,426;0,000;0,000;0,000;0,000;RRR 1.5in;12,2;990;33;'26.11.2024 15:28:36.504;;
67;-38919,108;5411,064;938,433;0,000;0,000;0,000;0,000;RRR 1.5in;12,2;990;33;'26.11.2024 15:28:36.505;;
68;-38919,107;5411,067;938,429;0,000;0,000;0,000;0,000;RRR 1.5in;12,2;990;33;'26.11.2024 15:28:36.506;;
69;-38919,106;5411,067;938,420;0,000;0,000;0,000;0,000;RRR 1.5in;12,2;990;33;'26.11.2024 15:28:36.507;;
70;-38919,105;5411,069;938,420;0,000;0,000;0,000;0,000;RRR 1.5in;12,2;990;33;'26.11.2024 15:28:36.508;;
71;-38919,104;5411,068;938,425;0,000;0,000;0,000;0,000;RRR 1.5in;12,2;990;33;'26.11.2024 15:28:36.509;;
72;-38919,104;5411,069;938,418;0,000;0,000;0,000;0,000;RRR 1.5in;12,2;990;33;'26.11.2024 15:28:36.510;;
73;-38919,104;5411,067;938,419;0,000;0,000;0,000;0,000;RRR 1.5in;12,2;990;33;'26.11.2024 15:28:36.511;;
74;-38919,102;5411,068;938,416;0,000;0,000;0,000;0,000;RRR 1.5in;12,2;990;33;'26.11.2024 15:28:36.512;;
75;-38919,102;5411,066;938,417;0,000;0,000;0,000;0,000;RRR 1.5in;12,2;990;33;'26.11.2024 15:28:36.513;;
76;-38919,104;5411,049;938,407;0,000;0,000;0,000;0,000;RRR 1.5in;12,2;990;33;'26.11.2024 15:28:36.514;;
77;-38919,104;5411,046;938,410;0,000;0,000;0,000;0,000;RRR 1.5in;12,2;990;33;'26.11.2024 15:28:36.515;;
78;-38919,101;5411,057;938,409;0,000;0,000;0,000;0,000;RRR 1.5in;12,2;990;33;'26.11.2024 15:28:36.516;;
79;-38919,104;5411,037;938,402;0,000;0,000;0,000;0,000;RRR 1.5in;12,2;990;33;'26.11.2024 15:28:36.517;;
80;-38919,100;5411,055;938,406;0,000;0,000;0,000;0,000;RRR 1.5in;12,2;990;33;'26.11.2024 15:28:36.518;;
81;-38919,101;5411,046;938,407;0,000;0,000;0,000;0,000;RRR 1.5in;12,2;990;33;'26.11.2024 15:28:36.519;;
82;-38919,099;5411,052;938,399;0,000;0,000;0,000;0,000;RRR 1.5in;12,2;990;33;'26.11.2024 15:28:36.520;;
83;-38919,099;5411,050;938,405;0,000;0,000;0,000;0,000;RRR 1.5in;12,2;990;33;'26.11.2024 15:28:36.521;;
84;-38919,098;5411,055;938,402;0,000;0,000;0,000;0,000;RRR 1.5in;12,2;990;33;'26.11.2024 15:28:36.522;;
85;-38919,096;5411,062;938,402;0,000;0,000;0,000;0,000;RRR 1.5in;12,2;990;33;'26.11.2024 15:28:36.523;;
86;-38919,095;5411,059;938,408;0,000;0,000;0,000;0,000;RRR 1.5in;12,2;990;33;'26.11.2024 15:28:36.524;;
87;-38919,096;5411,052;938,408;0,000;0,000;0,000;0,000;RRR 1.5in;12,2;990;33;'26.11.2024 15:28:36.525;;
88;-38919,095;5411,053;938,405;0,000;0,000;0,000;0,000;RRR 1.5in;12,2;990;33;'26.11.2024 15:28:36.526;;
89;-38919,094;5411,050;938,405;0,000;0,000;0,000;0,000;RRR 1.5in;12,2;990;33;'26.11.2024 15:28:36.527;;
90;-38919,094;5411,047;938,417;0,000;0,000;0,000;0,000;RRR 1.5in;12,2;990;33;'26.11.2024 15:28:36.528;;
91;-38919,093;5411,044;938,410;0,000;0,000;0,000;0,000;RRR 1.5in;12,2;990;33;'26.11.2024 15:28:36.529;;
92;-38919,092;5411,045;938,411;0,000;0,000;0,000;0,000;RRR 1.5in;12,2;990;33;'26.11.2024 15:28:36.530;;
93;-38919,093;5411,039;938,409;0,000;0,000;0,000;0,000;RRR 1.5in;12,2;990;33;'26.11.2024 15:28:36.531;;
94;-38919,092;5411,035;938,411;0,000;0,000;0,000;0,000;RRR 1.5in;12,2;990;33;'26.11.2024 15:28:36.532;;
95;-38919,092;5411,029;938,412;0,000;0,000;0,000;0,000;RRR 1.5in;12,2;990;33;'26.11.2024 15:28:36.533;;
96;-38919,091;5411,030;938,418;0,000;0,000;0,000;0,000;RRR 1.5in;12,2;990;33;'26.11.2024 15:28:36.534;;
97;-38919,089;5411,037;938,409;0,000;0,000;0,000;0,000;RRR 1.5in;12,2;990;33;'26.11.2024 15:28:36.535;;
98;-38919,087;5411,045;938,404;0,000;0,000;0,000;0,000;RRR 1.5in;12,2;990;33;'26.11.2024 15:28:36.536;;
99;-38919,086;5411,047;938,418;0,000;0,000;0,000;0,000;RRR 1.5in;12,2;990;33;'26.11.2024 15:28:36.537;;
100;-38919,084;5411,054;938,414;0,000;0,000;0,000;0,000;RRR 1.5in;12,2;990;33;'26.11.2024 15:28:36.538;;
